,image_id,class_id
0,frame0.jpg,2
1,frame1.jpg,2
2,frame2.jpg,2
3,frame3.jpg,2
4,frame4.jpg,2
5,frame5.jpg,2
6,frame6.jpg,2
7,frame7.jpg,2
8,frame8.jpg,2
9,frame9.jpg,2
10,frame10.jpg,2
11,frame11.jpg,2
12,frame12.jpg,2
13,frame13.jpg,2
14,frame14.jpg,2
15,frame15.jpg,2
16,frame16.jpg,2
17,frame17.jpg,2
18,frame18.jpg,2
19,frame19.jpg,2
20,frame20.jpg,2
21,frame21.jpg,2
22,frame22.jpg,2
23,frame23.jpg,2
24,frame24.jpg,2
25,frame25.jpg,2
26,frame26.jpg,2
27,frame27.jpg,2
28,frame28.jpg,2
29,frame29.jpg,2
30,frame30.jpg,2
31,frame31.jpg,2
32,frame32.jpg,2
33,frame33.jpg,2
34,frame34.jpg,2
35,frame35.jpg,2
36,frame36.jpg,2
37,frame37.jpg,2
38,frame38.jpg,2
39,frame39.jpg,2
40,frame40.jpg,2
41,frame41.jpg,2
42,frame42.jpg,2
43,frame43.jpg,2
44,frame44.jpg,2
45,frame45.jpg,2
46,frame46.jpg,3
47,frame47.jpg,3
48,frame48.jpg,3
49,frame49.jpg,3
50,frame50.jpg,3
51,frame51.jpg,3
52,frame52.jpg,3
53,frame53.jpg,3
54,frame54.jpg,3
55,frame55.jpg,3
56,frame56.jpg,3
57,frame57.jpg,3
58,frame58.jpg,3
59,frame59.jpg,3
60,frame60.jpg,4
61,frame61.jpg,4
62,frame62.jpg,4
63,frame63.jpg,4
64,frame64.jpg,4
65,frame65.jpg,4
66,frame66.jpg,4
67,frame67.jpg,4
68,frame68.jpg,4
69,frame69.jpg,4
70,frame70.jpg,5
71,frame71.jpg,5
72,frame72.jpg,5
73,frame73.jpg,5
74,frame74.jpg,5
75,frame75.jpg,5
76,frame76.jpg,5
77,frame77.jpg,5
78,frame78.jpg,6
79,frame79.jpg,6
80,frame80.jpg,6
81,frame81.jpg,6
82,frame82.jpg,6
83,frame83.jpg,6
84,frame84.jpg,6
85,frame85.jpg,6
86,frame86.jpg,7
87,frame87.jpg,7
88,frame88.jpg,7
89,frame89.jpg,7
90,frame90.jpg,7
91,frame91.jpg,7
92,frame92.jpg,1
93,frame93.jpg,1
94,frame94.jpg,1
95,frame95.jpg,1
96,frame96.jpg,1
97,frame97.jpg,1
98,frame98.jpg,8
99,frame99.jpg,8
100,frame100.jpg,8
101,frame101.jpg,1
102,frame102.jpg,1
103,frame103.jpg,1
104,frame104.jpg,1
105,frame105.jpg,1
106,frame106.jpg,8
107,frame107.jpg,8
108,frame108.jpg,2
109,frame109.jpg,2
110,frame110.jpg,8
111,frame111.jpg,8
112,frame112.jpg,8
113,frame113.jpg,8
114,frame114.jpg,8
115,frame115.jpg,8
116,frame116.jpg,8
117,frame117.jpg,1
118,frame118.jpg,1
119,frame119.jpg,1
120,frame120.jpg,1
121,frame121.jpg,1
122,frame122.jpg,1
123,frame123.jpg,1
124,frame124.jpg,0
125,frame125.jpg,0
126,frame126.jpg,0
127,frame127.jpg,0
128,frame128.jpg,3
129,frame129.jpg,3
130,frame130.jpg,3
131,frame131.jpg,3
132,frame132.jpg,3
133,frame133.jpg,3
134,frame134.jpg,3
135,frame135.jpg,3
136,frame136.jpg,3
137,frame137.jpg,3
138,frame138.jpg,3
139,frame139.jpg,3
140,frame140.jpg,3
141,frame141.jpg,0
142,frame142.jpg,0
143,frame143.jpg,0
144,frame144.jpg,4
145,frame145.jpg,4
146,frame146.jpg,
147,frame147.jpg,4
148,frame148.jpg,4
149,frame149.jpg,4
150,frame150.jpg,4
151,frame151.jpg,4
152,frame152.jpg,4
153,frame153.jpg,5
154,frame154.jpg,5
155,frame155.jpg,5
156,frame156.jpg,5
157,frame157.jpg,5
158,frame158.jpg,9
159,frame159.jpg,9
160,frame160.jpg,9
161,frame161.jpg,9
162,frame162.jpg,9
163,frame163.jpg,9
164,frame164.jpg,2
165,frame165.jpg,2
166,frame166.jpg,2
167,frame167.jpg,2
168,frame168.jpg,2
169,frame169.jpg,2
170,frame170.jpg,2
171,frame171.jpg,2
172,frame172.jpg,2
173,frame173.jpg,2
174,frame174.jpg,2
175,frame175.jpg,2
176,frame176.jpg,2
177,frame177.jpg,2
178,frame178.jpg,0
179,frame179.jpg,0
180,frame180.jpg,0
181,frame181.jpg,0
182,frame182.jpg,0
183,frame183.jpg,0
184,frame184.jpg,2
185,frame185.jpg,2
186,frame186.jpg,2
187,frame187.jpg,2
188,frame188.jpg,2
189,frame189.jpg,2
190,frame190.jpg,2
191,frame191.jpg,2
192,frame192.jpg,2
193,frame193.jpg,2
194,frame194.jpg,2
195,frame195.jpg,2
196,frame196.jpg,2
197,frame197.jpg,2
198,frame198.jpg,2
199,frame199.jpg,2
200,frame200.jpg,2
201,frame201.jpg,2
202,frame202.jpg,7
203,frame203.jpg,7
204,frame204.jpg,7
205,frame205.jpg,0
206,frame206.jpg,0
207,frame207.jpg,0
208,frame208.jpg,0
209,frame209.jpg,2
210,frame210.jpg,2
211,frame211.jpg,2
212,frame212.jpg,2
213,frame213.jpg,2
214,frame214.jpg,10
215,frame215.jpg,10
216,frame216.jpg,10
217,frame217.jpg,10
218,frame218.jpg,10
219,frame219.jpg,10
220,frame220.jpg,10
221,frame221.jpg,10
222,frame222.jpg,10
223,frame223.jpg,10
224,frame224.jpg,0
225,frame225.jpg,0
226,frame226.jpg,0
227,frame227.jpg,0
228,frame228.jpg,0
229,frame229.jpg,0
230,frame230.jpg,6
231,frame231.jpg,6
232,frame232.jpg,6
233,frame233.jpg,6
234,frame234.jpg,6
235,frame235.jpg,6
236,frame236.jpg,6
237,frame237.jpg,0
238,frame238.jpg,0
239,frame239.jpg,0
240,frame240.jpg,0
241,frame241.jpg,0
242,frame242.jpg,0
243,frame243.jpg,0
244,frame244.jpg,0
245,frame245.jpg,0
246,frame246.jpg,0
247,frame247.jpg,0
248,frame248.jpg,0
249,frame249.jpg,0
250,frame250.jpg,0
251,frame251.jpg,0
252,frame252.jpg,0
253,frame253.jpg,0
254,frame254.jpg,0
255,frame255.jpg,0
256,frame256.jpg,0
257,frame257.jpg,2
258,frame258.jpg,2
259,frame259.jpg,2
260,frame260.jpg,2
261,frame261.jpg,2
262,frame262.jpg,2
263,frame263.jpg,2
264,frame264.jpg,2
265,frame265.jpg,2
266,frame266.jpg,2
267,frame267.jpg,2
268,frame268.jpg,2
269,frame269.jpg,2
270,frame270.jpg,2
271,frame271.jpg,0
272,frame272.jpg,0
273,frame273.jpg,0
274,frame274.jpg,0
275,frame275.jpg,0
276,frame276.jpg,0
277,frame277.jpg,0
278,frame278.jpg,0
279,frame279.jpg,0
280,frame280.jpg,0
281,frame281.jpg,0
282,frame282.jpg,0
283,frame283.jpg,0
284,frame284.jpg,0
285,frame285.jpg,0
286,frame286.jpg,0
287,frame287.jpg,0
288,frame288.jpg,0
289,frame289.jpg,0
290,frame290.jpg,0
291,frame291.jpg,0
292,frame292.jpg,0
293,frame293.jpg,7
294,frame294.jpg,7
295,frame295.jpg,7
296,frame296.jpg,
297,frame297.jpg,7
298,frame298.jpg,7
299,frame299.jpg,7
300,frame300.jpg,7
301,frame301.jpg,7
302,frame302.jpg,7
303,frame303.jpg,7
304,frame304.jpg,7
305,frame305.jpg,7
306,frame306.jpg,7
307,frame307.jpg,1
308,frame308.jpg,1
309,frame309.jpg,1
310,frame310.jpg,1
311,frame311.jpg,1
312,frame312.jpg,1
313,frame313.jpg,1
314,frame314.jpg,1
315,frame315.jpg,1
316,frame316.jpg,1
317,frame317.jpg,1
318,frame318.jpg,1
319,frame319.jpg,1
320,frame320.jpg,1
321,frame321.jpg,1
322,frame322.jpg,8
323,frame323.jpg,8
324,frame324.jpg,0
325,frame325.jpg,0
326,frame326.jpg,0
327,frame327.jpg,0
328,frame328.jpg,0
329,frame329.jpg,0
330,frame330.jpg,0
331,frame331.jpg,0
332,frame332.jpg,0
333,frame333.jpg,0
334,frame334.jpg,0
335,frame335.jpg,3
336,frame336.jpg,3
337,frame337.jpg,3
338,frame338.jpg,3
339,frame339.jpg,3
340,frame340.jpg,3
341,frame341.jpg,3
342,frame342.jpg,3
343,frame343.jpg,3
344,frame344.jpg,3
345,frame345.jpg,
346,frame346.jpg,
347,frame347.jpg,1
348,frame348.jpg,1
349,frame349.jpg,1
350,frame350.jpg,8
351,frame351.jpg,8
352,frame352.jpg,8
353,frame353.jpg,8
354,frame354.jpg,8
355,frame355.jpg,2
356,frame356.jpg,2
357,frame357.jpg,2
358,frame358.jpg,2
359,frame359.jpg,11
360,frame360.jpg,11
361,frame361.jpg,11
362,frame362.jpg,11
363,frame363.jpg,11
364,frame364.jpg,11
365,frame365.jpg,11
366,frame366.jpg,0
367,frame367.jpg,0
368,frame368.jpg,0
369,frame369.jpg,0
370,frame370.jpg,0
371,frame371.jpg,0
372,frame372.jpg,0
373,frame373.jpg,0
374,frame374.jpg,0
375,frame375.jpg,0
376,frame376.jpg,0
377,frame377.jpg,0
378,frame378.jpg,0
379,frame379.jpg,0
380,frame380.jpg,0
381,frame381.jpg,0
382,frame382.jpg,0
383,frame383.jpg,0
384,frame384.jpg,0
385,frame385.jpg,0
386,frame386.jpg,0
387,frame387.jpg,0
388,frame388.jpg,0
389,frame389.jpg,0
390,frame390.jpg,0
391,frame391.jpg,0
392,frame392.jpg,2
393,frame393.jpg,2
394,frame394.jpg,2
395,frame395.jpg,2
396,frame396.jpg,2
397,frame397.jpg,2
398,frame398.jpg,2
399,frame399.jpg,2
400,frame400.jpg,2
401,frame401.jpg,2
402,frame402.jpg,0
403,frame403.jpg,0
404,frame404.jpg,0
405,frame405.jpg,0
406,frame406.jpg,0
407,frame407.jpg,0
408,frame408.jpg,1
409,frame409.jpg,1
410,frame410.jpg,1
411,frame411.jpg,1
412,frame412.jpg,1
413,frame413.jpg,1
414,frame414.jpg,1
415,frame415.jpg,1
416,frame416.jpg,1
417,frame417.jpg,1
418,frame418.jpg,1
419,frame419.jpg,1
420,frame420.jpg,1
421,frame421.jpg,1
422,frame422.jpg,3
423,frame423.jpg,3
424,frame424.jpg,3
425,frame425.jpg,3
426,frame426.jpg,3
427,frame427.jpg,3
428,frame428.jpg,3
429,frame429.jpg,3
430,frame430.jpg,3
431,frame431.jpg,3
432,frame432.jpg,3
433,frame433.jpg,3
434,frame434.jpg,3
435,frame435.jpg,3
436,frame436.jpg,3
437,frame437.jpg,4
438,frame438.jpg,4
439,frame439.jpg,4
440,frame440.jpg,4
441,frame441.jpg,4
442,frame442.jpg,5
443,frame443.jpg,5
444,frame444.jpg,5
445,frame445.jpg,5
446,frame446.jpg,5
447,frame447.jpg,5
448,frame448.jpg,9
449,frame449.jpg,9
450,frame450.jpg,9
451,frame451.jpg,9
452,frame452.jpg,9
453,frame453.jpg,9
454,frame454.jpg,9
455,frame455.jpg,9
456,frame456.jpg,6
457,frame457.jpg,6
458,frame458.jpg,6
459,frame459.jpg,6
460,frame460.jpg,0
461,frame461.jpg,0
462,frame462.jpg,0
463,frame463.jpg,0
464,frame464.jpg,0
465,frame465.jpg,0
466,frame466.jpg,0
467,frame467.jpg,0
468,frame468.jpg,0
469,frame469.jpg,0
470,frame470.jpg,0
471,frame471.jpg,0
472,frame472.jpg,0
473,frame473.jpg,0
474,frame474.jpg,0
475,frame475.jpg,0
476,frame476.jpg,0
477,frame477.jpg,0
478,frame478.jpg,0
479,frame479.jpg,0
480,frame480.jpg,0
481,frame481.jpg,0
482,frame482.jpg,0
483,frame483.jpg,0
484,frame484.jpg,4
485,frame485.jpg,4
486,frame486.jpg,4
487,frame487.jpg,4
488,frame488.jpg,0
489,frame489.jpg,0
490,frame490.jpg,0
491,frame491.jpg,0
492,frame492.jpg,2
493,frame493.jpg,2
494,frame494.jpg,2
495,frame495.jpg,2
496,frame496.jpg,2
497,frame497.jpg,2
498,frame498.jpg,2
499,frame499.jpg,2
500,frame500.jpg,2
501,frame501.jpg,2
502,frame502.jpg,2
503,frame503.jpg,2
504,frame504.jpg,2
505,frame505.jpg,2
506,frame506.jpg,2
507,frame507.jpg,2
508,frame508.jpg,2
509,frame509.jpg,2
510,frame510.jpg,0
511,frame511.jpg,0
512,frame512.jpg,0
513,frame513.jpg,0
514,frame514.jpg,0
515,frame515.jpg,2
516,frame516.jpg,2
517,frame517.jpg,2
518,frame518.jpg,2
519,frame519.jpg,0
520,frame520.jpg,0
521,frame521.jpg,0
522,frame522.jpg,0
523,frame523.jpg,0
524,frame524.jpg,0
525,frame525.jpg,0
526,frame526.jpg,0
527,frame527.jpg,0
528,frame528.jpg,0
529,frame529.jpg,0
530,frame530.jpg,0
531,frame531.jpg,0
532,frame532.jpg,0
533,frame533.jpg,0
534,frame534.jpg,0
535,frame535.jpg,0
536,frame536.jpg,0
537,frame537.jpg,0
538,frame538.jpg,0
539,frame539.jpg,0
540,frame540.jpg,0
541,frame541.jpg,0
542,frame542.jpg,0
543,frame543.jpg,0
544,frame544.jpg,0
545,frame545.jpg,0
546,frame546.jpg,0
547,frame547.jpg,2
548,frame548.jpg,2
549,frame549.jpg,2
550,frame550.jpg,2
551,frame551.jpg,2
552,frame552.jpg,2
553,frame553.jpg,2
554,frame554.jpg,2
555,frame555.jpg,2
556,frame556.jpg,2
557,frame557.jpg,2
558,frame558.jpg,2
559,frame559.jpg,2
560,frame560.jpg,2
561,frame561.jpg,2
562,frame562.jpg,2
563,frame563.jpg,2
564,frame564.jpg,2
565,frame565.jpg,2
566,frame566.jpg,2
567,frame567.jpg,2
568,frame568.jpg,2
569,frame569.jpg,2
570,frame570.jpg,7
571,frame571.jpg,7
572,frame572.jpg,0
573,frame573.jpg,0
574,frame574.jpg,0
575,frame575.jpg,0
576,frame576.jpg,0
577,frame577.jpg,0
578,frame578.jpg,0
579,frame579.jpg,0
580,frame580.jpg,0
581,frame581.jpg,2
582,frame582.jpg,2
583,frame583.jpg,2
584,frame584.jpg,2
585,frame585.jpg,2
586,frame586.jpg,2
587,frame587.jpg,2
588,frame588.jpg,2
589,frame589.jpg,2
590,frame590.jpg,2
591,frame591.jpg,2
592,frame592.jpg,10
593,frame593.jpg,10
594,frame594.jpg,10
595,frame595.jpg,10
596,frame596.jpg,10
597,frame597.jpg,10
598,frame598.jpg,10
599,frame599.jpg,10
600,frame600.jpg,10
601,frame601.jpg,10
602,frame602.jpg,10
603,frame603.jpg,10
604,frame604.jpg,8
605,frame605.jpg,8
606,frame606.jpg,8
607,frame607.jpg,0
608,frame608.jpg,0
609,frame609.jpg,0
610,frame610.jpg,0
611,frame611.jpg,0
612,frame612.jpg,0
613,frame613.jpg,2
614,frame614.jpg,2
615,frame615.jpg,2
616,frame616.jpg,2
617,frame617.jpg,0
618,frame618.jpg,0
619,frame619.jpg,0
620,frame620.jpg,0
621,frame621.jpg,0
622,frame622.jpg,0
623,frame623.jpg,0
624,frame624.jpg,0
625,frame625.jpg,0
626,frame626.jpg,0
627,frame627.jpg,0
628,frame628.jpg,0
629,frame629.jpg,0
630,frame630.jpg,0
631,frame631.jpg,0
632,frame632.jpg,0
633,frame633.jpg,0
634,frame634.jpg,0
635,frame635.jpg,0
636,frame636.jpg,0
637,frame637.jpg,0
638,frame638.jpg,0
639,frame639.jpg,0
640,frame640.jpg,0
641,frame641.jpg,0
642,frame642.jpg,0
643,frame643.jpg,0
644,frame644.jpg,0
645,frame645.jpg,0
646,frame646.jpg,0
647,frame647.jpg,0
648,frame648.jpg,0
649,frame649.jpg,0
650,frame650.jpg,0
651,frame651.jpg,0
652,frame652.jpg,0
653,frame653.jpg,0
654,frame654.jpg,0
655,frame655.jpg,0
656,frame656.jpg,0
657,frame657.jpg,12
658,frame658.jpg,12
659,frame659.jpg,12
660,frame660.jpg,12
661,frame661.jpg,12
662,frame662.jpg,12
663,frame663.jpg,12
664,frame664.jpg,12
665,frame665.jpg,12
666,frame666.jpg,0
667,frame667.jpg,0
668,frame668.jpg,0
669,frame669.jpg,0
670,frame670.jpg,0
671,frame671.jpg,0
672,frame672.jpg,0
673,frame673.jpg,0
674,frame674.jpg,0
675,frame675.jpg,0
676,frame676.jpg,0
677,frame677.jpg,0
678,frame678.jpg,0
679,frame679.jpg,0
680,frame680.jpg,0
681,frame681.jpg,0
682,frame682.jpg,0
683,frame683.jpg,0
684,frame684.jpg,0
685,frame685.jpg,0
686,frame686.jpg,0
687,frame687.jpg,0
688,frame688.jpg,0
689,frame689.jpg,
690,frame690.jpg,
691,frame691.jpg,
692,frame692.jpg,
693,frame693.jpg,
694,frame694.jpg,0
695,frame695.jpg,0
696,frame696.jpg,0
697,frame697.jpg,0
698,frame698.jpg,0
699,frame699.jpg,0
700,frame700.jpg,0
701,frame701.jpg,0
702,frame702.jpg,0
703,frame703.jpg,0
704,frame704.jpg,0
705,frame705.jpg,0
706,frame706.jpg,0
707,frame707.jpg,0
708,frame708.jpg,0
709,frame709.jpg,0
710,frame710.jpg,0
711,frame711.jpg,0
712,frame712.jpg,0
713,frame713.jpg,0
714,frame714.jpg,0
715,frame715.jpg,0
716,frame716.jpg,0
717,frame717.jpg,0
718,frame718.jpg,0
719,frame719.jpg,0
720,frame720.jpg,6
721,frame721.jpg,6
722,frame722.jpg,6
723,frame723.jpg,6
724,frame724.jpg,6
725,frame725.jpg,6
726,frame726.jpg,6
727,frame727.jpg,6
728,frame728.jpg,0
729,frame729.jpg,0
730,frame730.jpg,0
731,frame731.jpg,0
732,frame732.jpg,0
733,frame733.jpg,0
734,frame734.jpg,0
735,frame735.jpg,0
736,frame736.jpg,0
737,frame737.jpg,0
738,frame738.jpg,0
739,frame739.jpg,0
740,frame740.jpg,0
741,frame741.jpg,0
742,frame742.jpg,0
743,frame743.jpg,0
744,frame744.jpg,0
745,frame745.jpg,0
746,frame746.jpg,0
747,frame747.jpg,0
748,frame748.jpg,0
749,frame749.jpg,0
750,frame750.jpg,0
751,frame751.jpg,0
752,frame752.jpg,2
753,frame753.jpg,2
754,frame754.jpg,2
755,frame755.jpg,0
756,frame756.jpg,0
757,frame757.jpg,0
758,frame758.jpg,0
759,frame759.jpg,0
760,frame760.jpg,0
761,frame761.jpg,0
762,frame762.jpg,0
763,frame763.jpg,0
764,frame764.jpg,0
765,frame765.jpg,0
766,frame766.jpg,0
767,frame767.jpg,0
768,frame768.jpg,0
769,frame769.jpg,0
770,frame770.jpg,0
771,frame771.jpg,0
772,frame772.jpg,0
773,frame773.jpg,0
774,frame774.jpg,0
775,frame775.jpg,0
776,frame776.jpg,2
777,frame777.jpg,2
778,frame778.jpg,2
779,frame779.jpg,2
780,frame780.jpg,2
781,frame781.jpg,8
782,frame782.jpg,8
783,frame783.jpg,8
784,frame784.jpg,8
785,frame785.jpg,8
786,frame786.jpg,0
787,frame787.jpg,0
788,frame788.jpg,0
789,frame789.jpg,0
790,frame790.jpg,0
791,frame791.jpg,0
792,frame792.jpg,0
793,frame793.jpg,0
794,frame794.jpg,0
795,frame795.jpg,0
796,frame796.jpg,0
797,frame797.jpg,0
798,frame798.jpg,0
799,frame799.jpg,0
800,frame800.jpg,0
801,frame801.jpg,0
802,frame802.jpg,0
803,frame803.jpg,0
804,frame804.jpg,0
805,frame805.jpg,0
806,frame806.jpg,0
807,frame807.jpg,0
808,frame808.jpg,0
809,frame809.jpg,0
810,frame810.jpg,0
811,frame811.jpg,0
812,frame812.jpg,0
813,frame813.jpg,0
814,frame814.jpg,0
815,frame815.jpg,0
816,frame816.jpg,0
817,frame817.jpg,0
818,frame818.jpg,0
819,frame819.jpg,0
820,frame820.jpg,0
821,frame821.jpg,0
822,frame822.jpg,0
823,frame823.jpg,0
824,frame824.jpg,0
825,frame825.jpg,0
826,frame826.jpg,0
827,frame827.jpg,0
828,frame828.jpg,0
829,frame829.jpg,0
830,frame830.jpg,0
831,frame831.jpg,0
832,frame832.jpg,0
833,frame833.jpg,0
834,frame834.jpg,0
835,frame835.jpg,0
836,frame836.jpg,0
837,frame837.jpg,0
838,frame838.jpg,8
839,frame839.jpg,8
840,frame840.jpg,8
841,frame841.jpg,8
842,frame842.jpg,8
843,frame843.jpg,8
844,frame844.jpg,2
845,frame845.jpg,2
846,frame846.jpg,2
847,frame847.jpg,0
848,frame848.jpg,0
849,frame849.jpg,0
850,frame850.jpg,0
851,frame851.jpg,0
852,frame852.jpg,0
853,frame853.jpg,0
854,frame854.jpg,0
855,frame855.jpg,0
856,frame856.jpg,0
857,frame857.jpg,0
858,frame858.jpg,0
859,frame859.jpg,0
860,frame860.jpg,0
861,frame861.jpg,0
862,frame862.jpg,0
863,frame863.jpg,0
864,frame864.jpg,0
865,frame865.jpg,0
866,frame866.jpg,0
867,frame867.jpg,0
868,frame868.jpg,0
869,frame869.jpg,0
870,frame870.jpg,0
871,frame871.jpg,0
872,frame872.jpg,0
873,frame873.jpg,0
874,frame874.jpg,0
875,frame875.jpg,0
876,frame876.jpg,0
877,frame877.jpg,0
878,frame878.jpg,0
879,frame879.jpg,0
880,frame880.jpg,0
881,frame881.jpg,0
882,frame882.jpg,0
883,frame883.jpg,0
884,frame884.jpg,0
885,frame885.jpg,0
886,frame886.jpg,0
887,frame887.jpg,0
888,frame888.jpg,0
889,frame889.jpg,0
890,frame890.jpg,0
891,frame891.jpg,0
892,frame892.jpg,0
893,frame893.jpg,0
894,frame894.jpg,0
895,frame895.jpg,0
896,frame896.jpg,0
897,frame897.jpg,0
898,frame898.jpg,0
899,frame899.jpg,0
900,frame900.jpg,0
901,frame901.jpg,0
902,frame902.jpg,0
903,frame903.jpg,0
904,frame904.jpg,0
905,frame905.jpg,0
906,frame906.jpg,0
907,frame907.jpg,0
908,frame908.jpg,0
909,frame909.jpg,0
910,frame910.jpg,0
911,frame911.jpg,0
912,frame912.jpg,0
913,frame913.jpg,6
914,frame914.jpg,6
915,frame915.jpg,6
916,frame916.jpg,2
917,frame917.jpg,2
918,frame918.jpg,2
919,frame919.jpg,0
920,frame920.jpg,0
921,frame921.jpg,0
922,frame922.jpg,0
923,frame923.jpg,0
924,frame924.jpg,0
925,frame925.jpg,0
926,frame926.jpg,0
927,frame927.jpg,0
928,frame928.jpg,0
929,frame929.jpg,0
930,frame930.jpg,0
931,frame931.jpg,0
932,frame932.jpg,0
933,frame933.jpg,0
934,frame934.jpg,0
935,frame935.jpg,0
936,frame936.jpg,0
937,frame937.jpg,0
938,frame938.jpg,0
939,frame939.jpg,0
940,frame940.jpg,0
941,frame941.jpg,0
942,frame942.jpg,0
943,frame943.jpg,0
944,frame944.jpg,0
945,frame945.jpg,0
946,frame946.jpg,0
947,frame947.jpg,0
948,frame948.jpg,0
949,frame949.jpg,0
950,frame950.jpg,0
951,frame951.jpg,0
952,frame952.jpg,0
953,frame953.jpg,0
954,frame954.jpg,0
955,frame955.jpg,0
956,frame956.jpg,0
957,frame957.jpg,0
958,frame958.jpg,0
959,frame959.jpg,0
960,frame960.jpg,0
961,frame961.jpg,0
962,frame962.jpg,0
963,frame963.jpg,0
964,frame964.jpg,0
965,frame965.jpg,0
966,frame966.jpg,0
967,frame967.jpg,0
968,frame968.jpg,0
969,frame969.jpg,0
970,frame970.jpg,0
971,frame971.jpg,0
972,frame972.jpg,0
973,frame973.jpg,0
974,frame974.jpg,0
975,frame975.jpg,0
